part_number,part_name,byte_start,bytes,sha256
1,US_JUE_DATABASE_20260919.zip.part001,0,1900000000,b7132210087529915081fe5924bbcd832d0fa016abff315e4c911b844716d9ab
2,US_JUE_DATABASE_20260919.zip.part002,1900000000,1900000000,7a408f86606ccb701f3fffbd277159e6c3c3a3996acc10b991ca3dff035eeb71
3,US_JUE_DATABASE_20260919.zip.part003,3800000000,1900000000,29e7e05a06d610ca0bf86d520470fbade6bb979f40f0b78b13f06653ce21d1bd
4,US_JUE_DATABASE_20260919.zip.part004,5700000000,1900000000,6f43e9626f4ce6cc381b53390d372163d3631beec9f2019a48e5826b4f0c50fe
5,US_JUE_DATABASE_20260919.zip.part005,7600000000,1900000000,b1bde1a4b2c26bdd5ec0ea56b6dfb74ca2d72237787af2821b765bef18996ef2
6,US_JUE_DATABASE_20260919.zip.part006,9500000000,1900000000,ac32b91b203d52b0ad20fcaaacd2ac606ad0117b3592a9ca7a5a29f1b81be8c1
7,US_JUE_DATABASE_20260919.zip.part007,11400000000,1900000000,e48bcf66a4f2231dd369ed485b4291f4cee3b9e0e8d5432728ee481801d02ada
8,US_JUE_DATABASE_20260919.zip.part008,13300000000,1900000000,435d124f7b0264ce6a8cbf476bf8778c25c51ac0f3c7ae15db485a4c9167610a
9,US_JUE_DATABASE_20260919.zip.part009,15200000000,1900000000,eab9a054aa6f9b601261466e97b2d642606de61631341db4ca1f61e53c4bfd49
10,US_JUE_DATABASE_20260919.zip.part010,17100000000,1900000000,c23e5da7240e688dfaa6fc7e251df3dc137b329957d43d150118178754076aed
11,US_JUE_DATABASE_20260919.zip.part011,19000000000,1900000000,79cc604f5b4623fc1cc5211b65f5b49778c83ca25d18f515044f07e8fca3791d
12,US_JUE_DATABASE_20260919.zip.part012,20900000000,1900000000,c7e0063c211ac4f06dbd8b9f0dbffd60091d95d5c5fdb27f1b7bfbbde0af2d5f
13,US_JUE_DATABASE_20260919.zip.part013,22800000000,1900000000,a083523c3a04ce899945b2ff55483b9b7eaec822e09ede333a9894331c57b9f3
14,US_JUE_DATABASE_20260919.zip.part014,24700000000,1900000000,3fccb6499ca5279aa588ac7c88d9ec8e7388096aae89b20e65f3901b56798b7d
15,US_JUE_DATABASE_20260919.zip.part015,26600000000,1900000000,da842a5649a1c6b401fc09e5ad8269160a4c3b647cb005b728f523d1e306ef23
16,US_JUE_DATABASE_20260919.zip.part016,28500000000,1900000000,a7a838cc7d034677494ac57d3b2d026a29e4c6d836d813521e41a0c47356c6c9
17,US_JUE_DATABASE_20260919.zip.part017,30400000000,1900000000,201f4f933c63bbb0a5814980d6b2c0003c40b4c501b8bed018ab5af673f0ac46
18,US_JUE_DATABASE_20260919.zip.part018,32300000000,1900000000,5bced223cee842602cdde641cd3eed1c73ac81634f4a40a65e9abbcdd6625e50
19,US_JUE_DATABASE_20260919.zip.part019,34200000000,1900000000,2d36702d31e480567b8c41dd35aa9fe70b6cf3ab7d66437f8a9a35333ada8506
20,US_JUE_DATABASE_20260919.zip.part020,36100000000,1900000000,91e21accf906f7177472dce27a6269555b343973617c5d4171d62b2fab77bdab
21,US_JUE_DATABASE_20260919.zip.part021,38000000000,1900000000,4d5558a3dc886e21640c6fda88399300b68da402bb30567952b3f3090b621601
22,US_JUE_DATABASE_20260919.zip.part022,39900000000,1900000000,5e1efeafd6d984938a92f1fa2fc9fe08ec98fd16354edb087afcfbab8777c78c
23,US_JUE_DATABASE_20260919.zip.part023,41800000000,1900000000,51bfeb98512b9836a94e83e92f103c89d4590075d1846a5c75ab5356d79c1f84
24,US_JUE_DATABASE_20260919.zip.part024,43700000000,1900000000,e028077094bff0e84836668fc10d8c408ef9f68af32b5e558443dd992786b4ac
25,US_JUE_DATABASE_20260919.zip.part025,45600000000,1900000000,4bec40052dce491b1f830e5d83c39534e078da91e458ef22407325defea75d93
26,US_JUE_DATABASE_20260919.zip.part026,47500000000,1900000000,a96a8734c5d14d65070fe609d3d228f7dd00eebfdfd4b0e3adce7db6df40895b
27,US_JUE_DATABASE_20260919.zip.part027,49400000000,1900000000,9c270ad77a3e4f9e9cb33a81eaa147af94fd2a378a7db5e63debd1fd312f40d2
28,US_JUE_DATABASE_20260919.zip.part028,51300000000,1900000000,f63ff443a6608c4a3252f3ff63e5b55fbdeb21c377356c90e7589a86b2742a27
29,US_JUE_DATABASE_20260919.zip.part029,53200000000,1900000000,f739c87640439234c9b489ad87d026f231e12f56bbe40b61e96f966ade37bc80
30,US_JUE_DATABASE_20260919.zip.part030,55100000000,1900000000,47d332a5a1823dee0cf2a6ed82d847b270b4388534faa1e2189fc658f5d3425f
31,US_JUE_DATABASE_20260919.zip.part031,57000000000,1900000000,1a212af81b1f51185a187dc2db3e20f8a091e5ff7421c2a1161af137b949ea0f
32,US_JUE_DATABASE_20260919.zip.part032,58900000000,1900000000,c8433c73eae7d8b3ac38fefbd7ff2f75e4f2e8bfb6f750dc08eba8ada06ef7ad
33,US_JUE_DATABASE_20260919.zip.part033,60800000000,1900000000,eae0942290d6d422c2bb0ee21072360f59de48bfa1c0acbfbbb78bd76889f407
34,US_JUE_DATABASE_20260919.zip.part034,62700000000,1900000000,ac6bf1bf7a9e00f56cbc0aa2739624be4b403370863afc891812290596794145
35,US_JUE_DATABASE_20260919.zip.part035,64600000000,1900000000,1f3ca837a83fe70c4a7578c9448c46f21a078674e58af7edec838b352374c6e9
36,US_JUE_DATABASE_20260919.zip.part036,66500000000,1900000000,cf0e17da89b19e2ff6fbe31add6f0ea7029adce1dc29e5d1fa16fa2f65b29f3b
37,US_JUE_DATABASE_20260919.zip.part037,68400000000,1900000000,168f6db2c5c7c45b5f91198145a244135a97a428cfe22a64be488e1f0e7e42d6
38,US_JUE_DATABASE_20260919.zip.part038,70300000000,1900000000,5e107558681d838a1500e6391c43678f410f6dc9058dd2ed03b39d8a8218d017
39,US_JUE_DATABASE_20260919.zip.part039,72200000000,1900000000,7aafad6cdc409ea130537337a936c97a4bc1627b7ab55ede864b0b7ad946c045
40,US_JUE_DATABASE_20260919.zip.part040,74100000000,1900000000,2efd9966e9700bc51f5bf14e5206ac1b0a293df58dba587cb920094ebcb8c2eb
41,US_JUE_DATABASE_20260919.zip.part041,76000000000,1900000000,981b47529de04d2d8407fff4c69dff683fa98372bdcaad981d2a063095dc870a
42,US_JUE_DATABASE_20260919.zip.part042,77900000000,1900000000,8382a96899a96c0343f042ac8743f426b5b8aea2ae3b21da31d05452745c37c2
43,US_JUE_DATABASE_20260919.zip.part043,79800000000,1900000000,0a46908e6af67982ede3cf502216fec893c24c5d6b88e92f22d56f9c9c6f7eb6
44,US_JUE_DATABASE_20260919.zip.part044,81700000000,1900000000,3c87d3be3acc688c0b70c08d0e567f7dc5f230cf3fb01fd47db9f7fec106cfbf
45,US_JUE_DATABASE_20260919.zip.part045,83600000000,1900000000,96c1021ea43eb6c296c2f51b21a437512f5c8ac27191eec233cd65f8ead050b4
46,US_JUE_DATABASE_20260919.zip.part046,85500000000,1900000000,08b5cc5a6d7b77762e7e4e702fb73f940429f8180424b53ec5a59183dafab19b
47,US_JUE_DATABASE_20260919.zip.part047,87400000000,1900000000,46b54c8c880f74eccc75a40035fed2c1232acae3bf863d45c7659170f457f27e
48,US_JUE_DATABASE_20260919.zip.part048,89300000000,1900000000,03ebb66babc6361f3018097e6927869a53ebf5f9cd50d41779bf0e7daa64c49a
49,US_JUE_DATABASE_20260919.zip.part049,91200000000,1900000000,a1ffeeffe103933f546f4d0969be05daa8742064526effbdddd481caae1147af
50,US_JUE_DATABASE_20260919.zip.part050,93100000000,1900000000,9fa3dd318ef65353e20ec8d11379bd9083633a3dd039473f91da40bf4e7843c5
51,US_JUE_DATABASE_20260919.zip.part051,95000000000,1900000000,bb4bb98f8d12bc6cdd7cc6c9f2bd86d06968ef0e024d184f52b2ded7f2c68a37
52,US_JUE_DATABASE_20260919.zip.part052,96900000000,1900000000,7565040cf72012feab7ba548f016eb0092cf7d3a01ac7a65add52d4686d33c37
53,US_JUE_DATABASE_20260919.zip.part053,98800000000,1900000000,143b7cc59c3c463ae8ba54b9cd45dced1a210719b2044ac66212b806731965c8
54,US_JUE_DATABASE_20260919.zip.part054,100700000000,1900000000,7307784c2a04e6f54578e256a530c8438b5dcd88b7f0638498d667de74b3531e
55,US_JUE_DATABASE_20260919.zip.part055,102600000000,1900000000,be3daf98ec546d9088022a0aafd334b8a0545188ed405d19269e5351fe8d0730
56,US_JUE_DATABASE_20260919.zip.part056,104500000000,1900000000,5b1785b50e92c05da106dee259b727934b01f96e4a212daddaaaf0525065e55e
57,US_JUE_DATABASE_20260919.zip.part057,106400000000,1900000000,4f9dc1facc195a751e112fc81425ea12e05f9d0388763e282388abd9605bd0ad
58,US_JUE_DATABASE_20260919.zip.part058,108300000000,1900000000,1b7f9837935b2f9c9dae1069387aae3c66e782531381e1c9f8918c964567eb53
59,US_JUE_DATABASE_20260919.zip.part059,110200000000,1900000000,a285cb4e17560222d16d7bcaa6d675e15bb2795645f0a6b84462b199bc95419b
60,US_JUE_DATABASE_20260919.zip.part060,112100000000,1900000000,33192dbfdd18194012bacf5a3071b0ddb27e03424f4394be54beb6e5fecf8f4c
61,US_JUE_DATABASE_20260919.zip.part061,114000000000,1900000000,8ebe767aa669af1e7e70bf8628e847d0fb7646314e2c57cc823cb33187d93925
62,US_JUE_DATABASE_20260919.zip.part062,115900000000,1900000000,8a773493f5d37c0e301062d7188498e478d08c0d27ec5d8fec022257ddf2ab0e
63,US_JUE_DATABASE_20260919.zip.part063,117800000000,1900000000,51e492892e13dd370d6acba244c4d4d1e5c2192eae1850a8768151f45a445358
64,US_JUE_DATABASE_20260919.zip.part064,119700000000,1900000000,67d6887ae4e87ddcc5c730022267e9ccb49e4baf5a08ff38aacaca1a79fe1215
65,US_JUE_DATABASE_20260919.zip.part065,121600000000,1900000000,18b4e9d16befc43516fdf2ce17aaaa18a78de03b42f3fe892f15fe7635158fad
66,US_JUE_DATABASE_20260919.zip.part066,123500000000,1900000000,a0c0c2c2d52ac23ff8bf7474d644f6469f3f89a6c685f654c20bbd014af75fa6
67,US_JUE_DATABASE_20260919.zip.part067,125400000000,1900000000,1c08e27127d218f86c6f6492c8dc0c438cf3c934a554248f41984821bb27e1d7
68,US_JUE_DATABASE_20260919.zip.part068,127300000000,1900000000,4ce3676af859ed40f31226074d9ff2de028e75f36b6cc46037bdecf49fca3148
69,US_JUE_DATABASE_20260919.zip.part069,129200000000,1900000000,4e1f68322465aa95bf9f551b131f4c1858fd275676693f10061199f7c09d09ce
70,US_JUE_DATABASE_20260919.zip.part070,131100000000,1900000000,f8c519e60158c24e7880272e994e54cff5e826c8ba292dd04b22eab53346bacd
71,US_JUE_DATABASE_20260919.zip.part071,133000000000,1900000000,2c87b9a1eba58b0df93a47e6b923849dac928bd368988e5de1441eb5c913509a
72,US_JUE_DATABASE_20260919.zip.part072,134900000000,1900000000,c4ddda7479d3d3ad023c24480b268670fd88c77953c1834957d692ff3521d803
73,US_JUE_DATABASE_20260919.zip.part073,136800000000,1900000000,650ce164f90ce0e347b3e1779a923e683234d2f33bd6b4f4da0583aa742e010d
74,US_JUE_DATABASE_20260919.zip.part074,138700000000,1900000000,697ce0c2c02fb56590e46e97c97df690344a5c83acd0475a6074ebe83858b443
75,US_JUE_DATABASE_20260919.zip.part075,140600000000,1900000000,c553b9b76529cfa6150205009dfca2db1e4f0f2dbe39a9ae589a5ae2892f490b
76,US_JUE_DATABASE_20260919.zip.part076,142500000000,1900000000,6ab8f08a2d4f14649084f02cfd3230527da17bb6bfa6455057a9c63117ccfbff
77,US_JUE_DATABASE_20260919.zip.part077,144400000000,1900000000,f1154cd26eead1c4eb2c430f763508562f4999977a02f8537c4df7d0c2c12254
78,US_JUE_DATABASE_20260919.zip.part078,146300000000,16247853,e3ee7d5145073cf187c80c4cd4124cca4e2b68b71724686ad8f2c10b81110012
